age,bmi,km5_time_seconds,km10_time_seconds
25.0,21.6221160888672,NA,2798
41.0,23.905969619751,1210.0,NA
25.0,21.6407279968262,994.0,NA
35.0,23.5923233032227,1075.0,2135
34.0,22.7064037322998,1186.0,NA
45.0,42.0875434875488,3240.0,NA
33.0,22.5182952880859,1292.0,NA
58.0,25.2340793609619,NA,3420
29.0,24.505407333374,1440.0,3240
36.0,25.4086151123047,2115.0,4210
54.0,26.4016876220703,1560.0,3360
38.0,25.5603122711182,NA,2580
39.0,24.9748363494873,1222.0,NA
29.0,25.9515552520752,NA,3720
23.0,20.8698558807373,1690.0,NA
38.0,24.5510673522949,NA,2730
20.0,22.9047832489014,893.0,NA
33.0,27.9772758483887,1625.0,3978
53.0,23.16774559021,1050.0,NA
27.0,25.2477855682373,2412.0,4320
32.0,29.2184066772461,NA,2588
34.0,23.5825710296631,1603.0,NA
44.0,20.035062789917,1457.0,NA
36.0,23.906888961792,1160.0,2430
53.0,21.5213356018066,1166.0,NA
33.0,28.8543033599854,1571.0,3256
40.0,19.6602687835693,1753.0,NA
34.0,25.9688739776611,NA,3395
39.0,29.7373733520508,1256.0,NA
43.0,23.3717136383057,1255.0,2655
32.0,24.2882499694824,1060.0,NA
32.0,29.2177982330322,1572.0,NA
41.0,22.3776226043701,1558.0,NA
24.0,21.7049369812012,NA,2625
35.0,30.0525932312012,2575.0,NA
47.0,24.5510673522949,NA,3103
26.0,19.6234531402588,1240.0,2660
33.0,24.301830291748,1341.0,2826
37.0,24.3252830505371,2012.0,4042
38.0,24.3787326812744,NA,3283
42.0,25.103099822998,1338.0,2632
58.0,26.4293766021729,1330.0,NA
33.0,21.757640838623,1323.0,2727
36.0,25.2477855682373,1451.0,NA
30.0,24.4410057067871,NA,2340
36.0,24.5510673522949,1316.0,NA
33.0,22.5182952880859,1e3,NA
48.0,28.0583629608154,1632.0,NA
30.0,26.6335220336914,1955.0,NA
23.0,22.0195026397705,900.0,NA
27.0,23.3742389678955,1568.0,3475
38.0,25.2047882080078,1185.0,2497
59.0,27.2142944335938,NA,3321
31.0,27.3800621032715,1943.0,NA
26.0,25.2525253295898,1582.0,NA
52.0,23.804801940918,1309.0,NA
33.0,28.2003726959229,NA,4526
24.0,25.6533584594727,1872.0,NA
44.0,26.9886360168457,1892.0,NA
27.0,20.7741470336914,1142.0,NA
47.0,25.2475166320801,1050.0,NA
31.0,18.3238258361816,NA,3333
59.0,24.7866401672363,1477.0,NA
30.0,24.0989780426025,1448.0,NA
34.0,20.9132442474365,1277.0,NA
41.0,22.9134426116943,1378.0,NA
28.0,20.9132442474365,1163.0,NA
31.0,22.5384044647217,1147.0,NA
35.0,23.2383003234863,1567.0,NA
40.0,21.6221160888672,1380.0,3120
45.0,21.8716468811035,1708.0,3729
32.0,22.8437213897705,1435.0,NA
25.0,22.9134426116943,1380.0,NA
31.0,24.526159286499,NA,2375
32.0,22.6817073822021,1620.0,NA
25.0,24.9596538543701,1478.0,NA
32.0,21.5213356018066,NA,2945
17.0,22.2634506225586,NA,1813
33.0,21.7046508789062,NA,3360
30.0,18.3238258361816,1680.0,NA
28.0,19.9275016784668,1105.0,2365
56.0,20.5755500793457,1080.0,2261
30.0,24.2424240112305,1116.0,NA
28.0,22.19460105896,1401.0,2892
43.0,25.2477855682373,1490.0,3242
64.0,27.4582576751709,1590.0,3568
32.0,24.7371654510498,2100.0,NA
26.0,19.8656711578369,1026.0,NA
25.0,22.9134426116943,1324.0,NA
37.0,25.2319107055664,1305.0,2925
24.0,24.9350662231445,1080.0,NA
36.0,24.3413734436035,NA,2420
34.0,25.2319107055664,1382.0,NA
34.0,23.0823860168457,1315.0,NA
34.0,27.5171890258789,1275.0,2946
40.0,28.4444446563721,1139.0,NA
38.0,23.3742389678955,NA,3045
38.0,25.3668899536133,1662.0,NA
27.0,22.8437213897705,1457.0,NA
33.0,22.7218933105469,NA,3325
37.0,23.849609375,1213.0,NA
29.0,20.6060600280762,NA,2700
20.0,21.3858814239502,918.0,NA
27.0,24.8579540252686,1434.0,NA
45.0,27.2180500030518,1148.0,NA
33.0,21.3521862030029,NA,2820
27.0,32.0715103149414,1574.0,3290
32.0,20.1036891937256,1530.0,NA
33.0,26.6666660308838,1652.0,NA
35.0,23.0055656433105,1049.0,2162
60.0,22.4466896057129,NA,2541
41.0,21.3858814239502,1038.0,NA
29.0,18.6314029693604,1210.0,NA
38.0,20.4533176422119,1337.0,NA
31.0,24.3787326812744,1197.0,NA
36.0,21.929271697998,1292.0,NA
25.0,22.8675670623779,959.0,1987
34.0,20.6220989227295,1106.0,NA
34.0,20.1980133056641,1160.0,NA
44.0,25.9688739776611,1692.0,NA
35.0,26.0309448242188,1707.0,NA
65.0,24.5654125213623,NA,3787
38.0,26.9787750244141,1395.0,NA
29.0,26.6335220336914,1865.0,3720
55.0,25.1118907928467,1319.0,NA
30.0,23.7476806640625,954.0,NA
32.0,21.2330913543701,1383.0,3026
36.0,22.607931137085,1031.0,NA
29.0,27.1974182128906,1660.0,NA
36.0,22.8571434020996,NA,2199
56.0,24.4897956848145,NA,3096
31.0,24.5955924987793,1769.0,NA
31.0,25.5287570953369,NA,2880
27.0,20.202018737793,NA,2700
27.0,25.1118907928467,1300.0,NA
28.0,24.3787326812744,NA,4320
31.0,22.8059120178223,1440.0,NA
23.0,20.5856952667236,1250.0,2507
20.0,19.476655960083,864.0,1830
41.0,21.3333339691162,1180.0,NA
34.0,23.804801940918,NA,3080
60.0,23.8751163482666,NA,2769
51.0,26.1213264465332,NA,2701
25.0,20.8116550445557,NA,3294
24.0,23.0078582763672,NA,2637
27.0,22.3776226043701,1462.0,NA
36.0,24.5510673522949,1015.0,NA
27.0,24.3818874359131,1327.0,NA
27.0,20.8995742797852,1498.0,2766
26.0,22.794900894165,1143.0,NA
33.0,21.2497501373291,NA,2980
17.0,23.0055656433105,1070.0,NA
60.0,24.3787326812744,1121.0,NA
32.0,23.1481494903564,1020.0,NA
19.0,20.7792205810547,970.0,2277
16.0,21.1535491943359,1122.0,NA
24.0,21.757640838623,1354.0,NA
26.0,21.5213356018066,1053.0,NA
43.0,22.8059120178223,1054.0,NA
36.0,23.5244693756104,1600.0,NA
33.0,26.257417678833,1368.0,2839
49.0,22.138147354126,1210.0,2600
49.0,25.953987121582,1447.0,NA
28.0,20.7792205810547,NA,2343
29.0,21.4388771057129,NA,3240
39.0,21.7049369812012,1614.0,NA
30.0,26.9886360168457,1794.0,4448
36.0,23.2383003234863,1437.0,NA
28.0,31.25,1737.0,3364
37.0,27.071268081665,1189.0,NA
34.0,26.6810111999512,2040.0,3364
23.0,22.8059120178223,949.0,NA
47.0,24.4897956848145,1203.0,NA
29.0,23.905969619751,1647.0,NA
34.0,29.3292083740234,NA,4687
28.0,24.2376174926758,1523.0,NA
36.0,22.9134426116943,1033.0,NA
30.0,23.2383003234863,1592.0,NA
29.0,21.8359222412109,NA,2375
43.0,19.6408538818359,1346.0,NA
20.0,22.2178153991699,1065.0,2316
33.0,20.8116550445557,1045.0,2219
27.0,22.2055263519287,1492.0,NA
35.0,25.1651439666748,1463.0,3122
33.0,30.1846580505371,1809.0,3810
27.0,20.3689785003662,NA,3300
27.0,28.1329460144043,1382.0,NA
32.0,23.4541072845459,1650.0,NA
28.0,23.4736156463623,1050.0,NA
39.0,22.8434810638428,NA,2290
30.0,24.4410057067871,NA,2428
32.0,24.7866401672363,1560.0,4076
30.0,18.9393939971924,1085.0,NA
32.0,28.1329460144043,1296.0,NA
31.0,20.3689785003662,1468.0,NA
54.0,21.2900238037109,1041.0,NA
45.0,26.4192943572998,1740.0,NA
46.0,23.6403465270996,1174.0,NA
26.0,23.0403213500977,1335.0,2642
38.0,21.6913948059082,995.0,NA
35.0,24.0989780426025,1870.0,NA
18.0,20.3165855407715,978.0,2282
31.0,20.557201385498,NA,2550
50.0,22.607931137085,NA,2472
20.0,19.2949905395508,898.0,1884
36.0,22.3340663909912,897.0,NA
31.0,25.8981323242188,1500.0,NA
35.0,22.2634506225586,2134.0,4043
32.0,20.7441272735596,NA,3003
37.0,21.9138050079346,1256.0,NA
27.0,23.2006683349609,1260.0,NA
42.0,24.8579540252686,1234.0,2328
34.0,22.2634506225586,1045.0,NA
30.0,21.3858814239502,NA,3153
47.0,25.6630573272705,1198.0,NA
26.0,19.1064319610596,869.0,NA
32.0,21.0760669708252,1095.0,NA
44.0,27.9035243988037,1287.0,2537
27.0,31.3389549255371,NA,4115
29.0,25.7942733764648,1670.0,NA
28.0,26.6902332305908,1275.0,NA
38.0,26.5088748931885,NA,2760
53.0,23.0055656433105,NA,2475
27.0,28.0583629608154,1623.0,3662
39.0,31.8450794219971,1799.0,4424
53.0,25.8981323242188,1345.0,NA
37.0,20.3423118591309,NA,2321
32.0,24.8579540252686,1361.0,NA
37.0,23.4604110717773,1589.0,NA
36.0,21.0615863800049,1498.0,NA
38.0,21.1840629577637,1210.0,NA
26.0,22.1496620178223,1980.0,NA
42.0,25.6533584594727,2292.0,4440
33.0,22.4466896057129,1327.0,NA
34.0,24.301830291748,1285.0,2473
35.0,24.8579540252686,1585.0,NA
25.0,23.0823860168457,1130.0,NA
36.0,27.2949028015137,1620.0,3360
36.0,24.4716014862061,1386.0,NA
34.0,20.7028980255127,1213.0,NA
26.0,20.0537414550781,1680.0,NA
23.0,21.3333339691162,912.0,1797
33.0,25.391788482666,1338.0,2833
31.0,23.804801940918,2400.0,NA
30.0,21.6992244720459,1067.0,2169
37.0,28.4972171783447,1372.0,NA
26.0,22.19460105896,1813.0,NA
24.0,20.8116550445557,NA,3394
25.0,21.8716106414795,1525.0,3356
43.0,27.5420742034912,NA,2988
47.0,24.6913585662842,NA,2932
33.0,21.2330913543701,1125.0,NA
32.0,23.0055656433105,1828.0,NA
33.0,21.0615863800049,1167.0,2539
27.0,24.9596538543701,1530.0,NA
37.0,21.6913948059082,982.0,2043
30.0,27.524377822876,NA,3658
26.0,19.4414653778076,NA,3047
29.0,22.7036247253418,1749.0,3056
37.0,23.0055656433105,1540.0,NA
19.0,21.5213356018066,1065.0,NA
24.0,20.9193706512451,NA,2656
23.0,20.4190330505371,NA,3414
39.0,26.7161407470703,1064.0,NA
44.0,21.6890811920166,NA,3287
32.0,19.9214382171631,NA,2290
30.0,25.9219512939453,1648.0,3484
55.0,26.6335220336914,2426.0,4445
32.0,26.2030715942383,NA,3092
27.0,23.2419147491455,1444.0,3100
27.0,25.6533584594727,1740.0,3660
61.0,23.7476806640625,1253.0,NA
74.0,21.6407279968262,1980.0,4200
26.0,23.7476806640625,1470.0,3144
50.0,24.3787326812744,1610.0,NA
32.0,21.3858814239502,NA,3272
43.0,23.5923233032227,1680.0,3420
42.0,22.5063571929932,NA,2388
27.0,23.677225112915,1295.0,NA
22.0,25.2319107055664,1155.0,NA
34.0,28.2003726959229,1580.0,NA
17.0,23.677225112915,1084.0,2651
28.0,22.3620853424072,1388.0,NA
26.0,29.6846008300781,1367.0,NA
20.0,25.1122360229492,1370.0,NA
27.0,19.9214382171631,1634.0,NA
25.0,22.1496620178223,947.0,NA
29.0,25.9219512939453,1725.0,3750
17.0,22.5394439697266,988.0,NA
47.0,25.2340793609619,1159.0,NA
34.0,21.2497501373291,1044.0,NA
38.0,21.2330913543701,1530.0,NA
29.0,23.677225112915,1081.0,NA
25.0,24.2090320587158,1308.0,NA
50.0,22.1496620178223,1250.0,2591
32.0,22.0258159637451,1200.0,2287
23.0,22.0195026397705,NA,2274
24.0,21.5213356018066,1011.0,2143
35.0,21.3858814239502,1303.0,NA
39.0,26.6810111999512,2127.0,4500
32.0,29.5756607055664,1815.0,3277
28.0,18.7552967071533,1200.0,NA
43.0,21.4388771057129,1385.0,2782
32.0,21.2330913543701,1080.0,NA
28.0,20.7507171630859,1685.0,NA
22.0,23.849609375,1032.0,2220
45.0,20.9185256958008,NA,3014
31.0,21.2497501373291,1470.0,3090
42.0,23.6100902557373,1140.0,NA
33.0,27.1515140533447,1570.0,NA
20.0,20.382287979126,1460.0,NA
32.0,24.431360244751,1676.0,NA
36.0,27.996223449707,2016.0,NA
36.0,27.5416889190674,NA,3720
62.0,27.3631248474121,1956.0,4014
25.0,20.5856952667236,1027.0,2141
34.0,20.7028980255127,NA,3577
35.0,30.2970199584961,1320.0,6420
24.0,23.9778060913086,NA,1908
30.0,23.849609375,1290.0,NA
40.0,23.0403213500977,1332.0,2701
39.0,21.3448085784912,1578.0,NA
34.0,24.5955924987793,NA,3660
32.0,26.4016876220703,1193.0,NA
31.0,24.5510673522949,1150.0,NA
34.0,28.7598209381104,1500.0,NA
36.0,20.4466800689697,1317.0,NA
34.0,23.9778060913086,1647.0,NA
33.0,21.745231628418,NA,2480
41.0,19.2949905395508,NA,2792
39.0,26.6902332305908,1860.0,3600
35.0,24.4897956848145,1192.0,NA
56.0,32.0715103149414,NA,3580
46.0,21.5684432983398,1351.0,NA
58.0,21.745231628418,1208.0,NA
19.0,22.3620853424072,1062.0,2481
37.0,23.0055656433105,1490.0,2984
31.0,26.713415145874,1638.0,3855
22.0,25.2475166320801,1278.0,NA
50.0,23.1481494903564,1264.0,2624
38.0,23.8209743499756,1755.0,NA
24.0,21.3858814239502,906.0,1868
33.0,23.3742389678955,1549.0,NA
30.0,23.3060932159424,1338.0,NA
36.0,24.2376174926758,1386.0,NA
45.0,19.7955894470215,1244.0,NA
30.0,21.9138050079346,1604.0,NA
52.0,25.953987121582,1263.0,NA
35.0,25.391788482666,1596.0,3608
52.0,21.2497501373291,1462.0,NA
46.0,21.3792457580566,1420.0,3249
30.0,20.5226860046387,NA,2973
30.0,32.0560989379883,2277.0,NA
40.0,25.0438270568848,NA,4140
31.0,19.8583183288574,1188.0,NA
31.0,28.2003726959229,2040.0,NA
23.0,21.484375,NA,3554
38.0,21.7046508789062,1220.0,NA
25.0,21.5476226806641,NA,2316
40.0,25.2047882080078,1140.0,2820
31.0,20.8698558807373,1185.0,NA
56.0,25.0438270568848,NA,3210
39.0,24.0484848022461,1264.0,NA
26.0,24.1777782440186,1367.0,2789
31.0,21.3858814239502,1454.0,NA
28.0,26.109167098999,1754.0,3493
24.0,25.2477855682373,1436.0,2977
16.0,19.8583183288574,1082.0,NA
45.0,24.1715908050537,1424.0,2971
49.0,22.2634506225586,1238.0,2714
31.0,22.0385684967041,1327.0,NA
33.0,29.6846008300781,NA,2540
30.0,21.8359222412109,NA,2926
21.0,24.0933437347412,NA,2790
31.0,25.9219512939453,NA,3512
39.0,20.6868686676025,1183.0,NA
50.0,25.0438270568848,1157.0,NA
24.0,23.6100902557373,1061.0,NA
39.0,22.5196971893311,NA,3180
38.0,25.7995166778564,NA,4999
39.0,21.6619300842285,NA,2773
31.0,21.0724010467529,NA,3024
43.0,24.5510673522949,NA,2316
37.0,19.24729347229,NA,4740
38.0,28.8179836273193,1497.0,NA
28.0,21.2244892120361,894.0,1890
35.0,20.5856952667236,1195.0,NA
18.0,18.7474746704102,1081.0,2401
34.0,20.7375621795654,1360.0,NA
52.0,23.1481494903564,1140.0,NA
57.0,25.953987121582,1320.0,NA
31.0,26.2626266479492,1513.0,2914
45.0,25.2319107055664,1395.0,NA
29.0,22.7087211608887,1333.0,NA
21.0,22.8940277099609,1304.0,NA
28.0,21.745231628418,1259.0,NA
56.5,24.5530090332031,1243.0,2732
47.0,22.5182952880859,1432.0,NA
34.0,25.858585357666,1141.0,NA
30.0,25.9515552520752,1102.0,NA
48.0,25.6771793365479,1710.0,NA
23.0,20.4823741912842,NA,2303
51.0,25.7457370758057,1745.0,3430
33.0,25.9219512939453,1265.0,NA
33.0,27.9772758483887,1607.0,3251
30.0,26.2125415802002,NA,3871
28.0,22.892822265625,NA,2625
39.0,23.0078582763672,NA,2282
32.0,21.1292610168457,2336.0,NA
33.0,20.24147605896,1568.0,NA
28.0,23.1481494903564,NA,1960
32.0,19.4414653778076,1710.0,3728
38.0,25.9740257263184,1288.0,NA
42.0,25.953987121582,1233.0,2653
33.0,29.7794494628906,1870.0,3900
42.0,24.6258563995361,NA,2891
29.0,27.1192646026611,1620.0,NA
35.0,35.0014228820801,3400.0,NA
41.0,20.035062789917,1285.0,NA
39.0,19.7888031005859,NA,3780
32.0,20.3339519500732,1008.0,2105
38.0,25.8121376037598,1155.0,2567
31.0,20.6562671661377,1338.0,NA
27.0,25.2319107055664,1130.0,NA
64.0,29.6846008300781,1511.0,3910
29.0,24.1301918029785,1172.0,NA
44.0,21.6913948059082,1336.0,NA
31.0,23.0057334899902,1296.0,NA
28.0,24.526159286499,1525.0,3540
28.0,23.7476806640625,2298.0,NA
55.0,26.7323513031006,NA,2779
34.0,21.0965118408203,1112.0,2553
28.0,20.2440662384033,1329.0,2812
35.0,27.2180500030518,2319.0,NA
29.0,21.8716468811035,1658.0,NA
24.0,24.7371654510498,2029.0,NA
28.0,21.6221160888672,1180.0,NA
38.0,20.035062789917,1175.0,NA
33.0,28.2599143981934,1264.0,2704
22.0,30.1846580505371,1837.0,NA
53.0,24.301830291748,1289.0,2692
27.0,24.8147010803223,1226.0,2662
35.0,25.0520324707031,1364.0,NA
34.0,22.5602970123291,1275.0,2734
41.0,23.6537818908691,1568.0,NA
21.0,23.7476806640625,NA,2685
45.0,27.7979793548584,1520.0,3383
21.0,20.3264484405518,888.0,1826
27.0,25.9301586151123,1434.0,NA
21.0,20.717794418335,1620.0,3746
32.0,22.5182952880859,1063.0,2318
39.0,19.6602687835693,1444.0,2913
45.0,23.849609375,1980.0,NA
27.0,22.3776226043701,NA,2576
33.0,25.9219512939453,1734.0,NA
22.0,24.0241413116455,1200.0,NA
16.0,22.9134426116943,1265.0,2918
28.0,23.9490718841553,1109.0,NA
52.0,25.0177135467529,1740.0,3720
20.0,28.9424858093262,1148.0,NA
28.0,21.6407279968262,NA,2338
36.0,20.5755500793457,1194.0,NA
43.0,26.6902332305908,NA,3367
26.0,23.7476806640625,1024.0,2124
39.0,26.7323513031006,1620.0,3225
32.0,21.8716468811035,1574.0,NA
26.0,25.0438270568848,2106.0,4526
33.0,21.1292610168457,1788.0,NA
22.0,22.57785987854,1095.0,2320
37.0,23.749605178833,NA,2827
31.0,20.1562099456787,1150.0,NA
30.0,23.3747253417969,1447.0,NA
33.0,21.7046508789062,1065.0,NA
41.0,28.4444446563721,NA,3000
33.0,26.7323513031006,1433.0,NA
39.0,24.4897956848145,1004.0,NA
42.0,21.2331256866455,1052.0,2294
40.0,25.1118907928467,NA,2912
37.0,20.8698558807373,NA,3300
29.0,21.6407279968262,907.0,1920
47.0,24.7028350830078,1069.0,2341
27.0,18.9126262664795,1188.0,2395
30.0,22.0195026397705,NA,3308
38.0,22.073543548584,1218.0,2578
30.0,23.7476806640625,924.0,NA
27.0,23.0834426879883,1620.0,3310
28.0,26.7323513031006,1130.0,NA
30.0,25.5447044372559,1440.0,NA
30.0,24.4107761383057,968.0,NA
41.0,22.8059120178223,NA,2173
28.0,20.7741470336914,NA,2401
37.0,26.6902332305908,992.0,2196
44.0,24.4410057067871,NA,2030
36.0,23.5690250396729,NA,2390
19.0,21.7046508789062,1070.0,2414
26.0,20.2515239715576,1710.0,4800
37.0,24.4897956848145,1276.0,NA
40.0,22.1496620178223,1277.0,2975
35.0,20.4711761474609,1246.0,2691
18.0,23.0055656433105,1035.0,NA
26.0,23.804801940918,1511.0,3147
27.0,24.8356456756592,1450.0,NA
24.0,20.3423118591309,NA,2241
27.0,28.0281085968018,1357.0,NA
31.0,20.0404033660889,1130.0,NA
34.0,24.5028400421143,1370.0,NA
35.0,25.2525272369385,NA,3096
32.0,25.2475166320801,1260.0,NA
23.0,21.1533641815186,1129.0,NA
26.0,22.3576831817627,1751.0,3541
23.0,22.1146373748779,1261.0,2460
35.0,23.804801940918,1170.0,NA
19.0,21.2497501373291,1020.0,NA
48.0,21.8394889831543,1503.0,NA
32.0,21.8716468811035,NA,3480
38.0,23.804801940918,NA,2294
31.0,22.607931137085,1139.0,NA
26.0,26.0479640960693,NA,2815
54.0,23.5690250396729,1290.0,NA
35.0,23.8812599182129,1353.0,2702
24.0,22.2178153991699,1080.0,2235
54.0,24.2171993255615,1698.0,3623
41.0,27.4582576751709,1440.0,NA
27.0,27.2262420654297,1063.0,NA
40.0,20.6220989227295,NA,2684
31.0,47.1846466064453,1801.0,4548
28.0,20.2010326385498,NA,2065
35.0,23.660530090332,NA,2308
16.0,17.5578269958496,1131.0,NA
32.0,19.3457050323486,869.0,NA
21.0,26.4268379211426,1334.0,NA
27.0,23.905969619751,NA,2853
47.0,21.1900501251221,NA,3266
26.0,20.7748546600342,900.0,NA
21.0,21.3856105804443,NA,2401
38.0,22.0195026397705,NA,2824
19.0,21.7809944152832,1031.0,2218
48.0,25.5360584259033,1371.0,2896
27.0,25.0438270568848,1649.0,NA
25.0,22.6262626647949,988.0,NA
54.0,23.0055656433105,1121.0,2318
32.0,21.9138050079346,1564.0,3314
31.0,23.845006942749,1980.0,3902
30.0,20.4711761474609,930.0,1840
36.0,22.4466896057129,990.0,NA
52.0,22.1496620178223,1175.0,NA
31.0,24.526159286499,1371.0,NA
45.0,21.0636425018311,NA,2380
32.0,24.5360145568848,1695.0,NA
46.0,20.6562671661377,1240.0,NA
43.0,23.9701690673828,1666.0,3764
39.0,23.804801940918,NA,2427
34.0,22.7272720336914,1560.0,NA
31.0,21.3892345428467,1162.0,NA
39.0,27.8902969360352,1516.0,NA
46.0,34.3923683166504,1327.0,NA
24.0,21.3041477203369,1583.0,3185
30.0,23.677225112915,NA,1945
35.0,20.132116317749,1234.0,2538
33.0,25.5207347869873,NA,3234
57.0,22.794900894165,1381.0,2876
29.0,23.0823860168457,1560.0,NA
30.0,23.3747253417969,1106.0,NA
36.0,27.996223449707,NA,3180
49.0,24.1929512023926,1758.0,3900
22.0,31.4564304351807,1920.0,NA
29.0,28.659646987915,NA,3905
19.0,23.804801940918,983.0,NA
37.0,25.9219512939453,NA,3510
32.0,26.1171722412109,1259.0,NA
43.0,32.968578338623,NA,3732
32.0,20.4466800689697,1534.0,NA
34.0,25.7457370758057,NA,3660
31.0,26.655445098877,1170.0,2475
34.0,22.3340663909912,NA,2465
24.0,20.5856952667236,1426.0,NA
47.0,24.3706893920898,2165.0,NA
38.0,27.1230449676514,1860.0,NA
41.0,25.9740257263184,1812.0,NA
18.0,20.2440662384033,1548.0,NA
20.0,21.2330913543701,1230.0,NA
22.0,20.6220989227295,1003.0,NA
43.0,21.4995975494385,1426.0,NA
23.0,19.1761360168457,1350.0,NA
40.0,25.2525272369385,1410.0,2910
25.0,21.0437717437744,1050.0,2218
39.0,25.3575439453125,1158.0,NA
50.0,27.4582576751709,NA,2880
47.0,24.0906047821045,1250.0,NA
25.0,23.1481494903564,1454.0,NA
35.0,21.6407279968262,1251.0,2757
31.0,25.9688739776611,1436.0,2651
44.0,21.4388771057129,1361.0,NA
30.0,27.548210144043,1072.0,NA
28.0,21.1726741790771,1500.0,NA
43.0,30.5512580871582,1546.0,NA
28.0,22.794900894165,1454.0,NA
31.0,21.9969062805176,957.0,2020
30.0,20.4190330505371,1320.0,NA
39.0,24.2090320587158,1572.0,3205
29.0,22.9134426116943,1110.0,NA
46.0,22.133243560791,1025.0,NA
37.0,23.849609375,1005.0,2205
27.0,21.8359222412109,1116.0,NA
31.0,24.8505821228027,1500.0,NA
36.0,23.2712593078613,1380.0,2929
47.0,24.5510673522949,NA,2504
21.0,18.28835105896,NA,3350
24.0,21.3858814239502,1143.0,2301
31.0,22.2634506225586,1400.0,3120
24.0,21.0615863800049,1037.0,NA
27.0,25.2340793609619,1245.0,NA
39.0,29.1621971130371,2054.0,NA
37.0,25.9685707092285,1290.0,NA
27.0,21.8904991149902,1482.0,3405
45.0,27.5416889190674,1937.0,NA
58.0,19.200267791748,NA,3484
46.0,31.0724430084229,2163.0,4147
39.0,23.677225112915,1290.0,NA
50.0,24.1354942321777,NA,3480
44.0,22.2038230895996,1330.0,3051
30.0,22.0195026397705,NA,2880
42.0,24.3413734436035,NA,2580
68.0,26.2740821838379,1441.0,NA
36.0,19.7955894470215,1180.0,2490
29.0,22.9134426116943,1364.0,NA
41.0,22.2634506225586,1616.0,3817
34.0,25.2319107055664,1405.0,NA
46.0,21.2244892120361,1009.0,NA
31.0,21.9666042327881,1150.0,2494
34.0,21.3858814239502,NA,2716
29.0,27.4582576751709,1250.0,2643
35.0,25.5415782928467,1620.0,NA
43.0,24.5510673522949,1880.0,NA
29.0,28.3521347045898,1446.0,NA
41.0,27.9035243988037,NA,2995
55.0,19.6602687835693,NA,2850
33.0,21.929271697998,1236.0,NA
31.0,21.2497501373291,1007.0,NA
29.0,23.1481494903564,1150.0,2655
18.0,21.1535491943359,1007.0,NA
21.0,23.9194107055664,1051.0,2200
28.0,19.8656711578369,1625.0,NA
51.0,23.905969619751,1480.0,NA
37.0,36.7564544677734,2182.0,4183
30.0,23.5923233032227,1281.0,NA
56.0,28.659646987915,1920.0,4200
33.0,24.2424240112305,2709.0,5257
54.0,21.3858814239502,1620.0,NA
50.0,22.1661071777344,1322.0,NA
51.0,24.4318180084229,NA,2565
30.0,28.6456394195557,1530.0,NA
33.0,21.0615863800049,NA,2545
42.0,23.0057334899902,1274.0,2548
38.0,22.3776226043701,1114.0,NA
45.0,25.8136920928955,1412.0,NA
37.0,18.99196434021,1220.0,NA
34.0,26.4234027862549,1067.0,NA
56.0,22.4118728637695,NA,2345
37.0,25.9219512939453,2160.0,NA
35.0,23.8830413818359,1110.0,NA
58.0,18.8738594055176,NA,3120
40.0,28.1329460144043,NA,3000
48.0,25.9219512939453,1894.0,NA
45.0,22.3776226043701,1773.0,NA
31.0,24.2090320587158,1680.0,3780
24.0,21.5169448852539,1303.0,NA
28.0,23.7476806640625,1793.0,3774
37.0,25.6818180084229,NA,3900
32.0,23.677225112915,1198.0,NA
36.0,20.8698558807373,1642.0,NA
41.0,30.2714996337891,2083.0,4814
35.0,30.123722076416,1934.0,4206
26.0,25.858585357666,NA,3182
42.0,23.428731918335,NA,2552
49.0,22.6817073822021,1764.0,NA
57.0,22.5497150421143,1400.0,NA
42.0,24.5510673522949,1443.0,2578
34.0,28.9471225738525,2063.0,NA
40.0,23.804801940918,1356.0,2856
47.0,24.9719429016113,1331.0,2997
26.0,26.655445098877,2400.0,NA
31.0,22.57785987854,1240.0,2598
56.0,21.3858814239502,NA,4440
34.0,21.1726741790771,1092.0,NA
27.0,27.524377822876,NA,2484
25.0,22.3620853424072,1020.0,2180
35.0,25.2475166320801,NA,2778
46.0,21.2244892120361,1257.0,2730
28.0,24.5510673522949,1380.0,3000
27.0,25.9688739776611,1792.0,NA
23.0,20.4466800689697,1530.0,NA
33.0,32.968578338623,2372.0,5220
39.0,23.8830413818359,NA,2754
55.0,24.0420742034912,NA,2560
38.0,24.8505821228027,NA,2835
16.0,19.476655960083,985.0,2055
45.0,26.4417018890381,1629.0,3277
60.0,32.4074096679688,2040.0,NA
53.0,21.7046508789062,NA,3060
43.0,22.6817073822021,1794.0,3780
45.0,20.9276123046875,1590.0,3060
53.0,20.7748546600342,1396.0,NA
33.0,22.6817073822021,1650.0,NA
27.0,21.8612155914307,1569.0,3261
37.0,26.8345031738281,2354.0,4380
33.0,24.2090320587158,NA,4140
25.0,24.3070697784424,1052.0,2308
51.0,26.5677185058594,NA,2890
41.0,24.5429515838623,1005.0,NA
31.0,19.53125,1410.0,NA
36.0,20.035062789917,NA,2880
34.0,24.2376174926758,NA,3430
33.0,24.3044013977051,NA,2431
47.0,21.3858814239502,1002.0,NA
46.0,24.6913585662842,1480.0,NA
23.0,23.9701690673828,1393.0,NA
35.0,27.3569030761719,1540.0,3482
55.0,21.3521862030029,1168.0,2496
57.0,20.7741470336914,1740.0,3660
26.0,23.3742389678955,NA,2920
43.0,23.066198348999,1147.0,NA
25.0,22.8059120178223,1680.0,NA
56.0,26.5050506591797,NA,2889
32.0,29.1621971130371,1380.0,3248
42.0,17.872486114502,NA,2412
48.0,20.2515239715576,1560.0,NA
45.0,21.6407279968262,1142.0,2519
34.0,25.7942733764648,1487.0,NA
23.0,23.5923233032227,992.0,2142
53.0,22.6817073822021,NA,2482
38.0,23.7476806640625,1609.0,3362
45.0,23.218957901001,1175.0,NA
67.0,25.0216045379639,1375.0,NA
40.0,23.6100902557373,1036.0,2157
43.0,33.670036315918,1800.0,NA
59.0,23.2419147491455,1390.0,NA
43.0,25.4359169006348,1623.0,NA
43.0,23.0834426879883,1723.0,4323
24.0,21.9885921478271,NA,3202
31.0,25.953987121582,1455.0,NA
25.0,28.7598209381104,1320.0,3720
48.0,21.8716468811035,1281.0,2904
57.0,27.3569030761719,1620.0,3540
46.0,25.0505046844482,1485.0,NA
37.0,19.9216403961182,1762.0,4225
55.0,21.3068180084229,1323.0,NA
28.0,22.7064037322998,1860.0,3300
32.0,20.3119964599609,NA,3300
26.0,25.3777465820312,1398.0,2833
32.0,21.484375,1984.0,3937
40.0,27.1515140533447,1546.0,NA
36.0,23.677225112915,1279.0,2789
49.0,36.4606094360352,2055.0,NA
38.0,20.6308269500732,1209.0,2591
40.0,17.2135543823242,1382.0,NA
49.0,23.6606063842773,NA,2581
27.0,34.3701667785645,1788.0,NA
32.0,24.1398181915283,NA,4402
38.0,20.7792205810547,1540.0,NA
41.0,23.7926139831543,1160.0,NA
49.0,26.2740821838379,1235.0,NA
30.0,20.6307983398438,1410.0,NA
27.0,20.6562671661377,1169.0,NA
45.0,25.9685707092285,NA,3390
35.0,22.5394439697266,1502.0,NA
36.0,20.035062789917,1407.0,NA
37.0,18.2463703155518,1104.0,2267
21.0,19.476655960083,1079.0,NA
45.0,30.70676612854,1770.0,NA
39.0,24.4410057067871,NA,2642
44.0,22.9047832489014,1664.0,3537
55.0,24.1301918029785,1290.0,NA
39.0,30.4903373718262,1986.0,4083
66.0,23.2938823699951,2045.0,NA
26.0,24.4897956848145,NA,3525
33.0,22.8675670623779,1423.0,NA
58.0,21.3521862030029,NA,2144
31.0,22.0195026397705,1620.0,NA
31.0,26.9360256195068,NA,2780
46.0,21.0437717437744,NA,2396
32.0,25.0438270568848,1657.0,3420
35.0,20.5856952667236,1455.0,NA
28.0,22.3576831817627,1144.0,NA
33.0,19.4414653778076,930.0,NA
48.0,26.109167098999,1862.0,NA
42.0,29.0909099578857,NA,2674
49.0,24.4897956848145,NA,3180
25.0,23.0661659240723,1778.0,NA
31.0,22.2634506225586,1108.0,NA
40.0,25.2475166320801,NA,2795
25.0,23.1481494903564,1049.0,2159
36.0,20.035062789917,1591.0,NA
67.0,28.0583629608154,NA,4500
33.0,21.6407279968262,1333.0,NA
36.0,27.4857387542725,1680.0,3300
41.0,23.6150550842285,NA,3983
42.0,24.0445251464844,NA,2885
51.0,32.3614845275879,2088.0,NA
34.0,21.9666042327881,NA,2914
41.0,23.2727279663086,1380.0,2820
38.0,24.8236846923828,1789.0,3558
52.0,23.6537818908691,1310.0,2626
29.0,24.8579540252686,1594.0,3720
50.0,22.5182952880859,1218.0,NA
26.0,22.0195026397705,1169.0,2440
25.0,21.5213356018066,1109.0,NA
34.0,25.7457370758057,1210.0,NA
39.0,22.3620853424072,NA,2346
32.0,31.4564304351807,2244.0,3913
34.0,24.14772605896,2010.0,3750
45.0,20.3268928527832,1495.0,NA
45.0,21.9797973632812,1130.0,NA
25.0,22.0195026397705,1312.0,NA
26.0,22.9134426116943,1440.0,NA
49.0,19.5341854095459,1350.0,NA
32.0,24.0989780426025,1848.0,3957
22.0,22.3776226043701,1947.0,4020
25.0,20.202018737793,1226.0,NA
70.0,24.301830291748,1591.0,NA
33.0,20.2515239715576,1490.0,NA
26.0,23.749605178833,1869.0,NA
31.0,21.5476551055908,1065.0,NA
38.0,22.5394439697266,1590.0,NA
32.0,23.1481494903564,1260.0,NA
31.0,21.0437717437744,1157.0,2399
36.0,25.2525272369385,NA,3012
33.0,22.7215442657471,NA,3267
31.0,29.0404071807861,1410.0,3060
42.0,30.1010093688965,1768.0,3853
31.0,23.0403213500977,1590.0,NA
35.0,18.8497219085693,NA,2400
35.0,23.4917678833008,1160.0,2522
21.0,26.7161407470703,1113.0,NA
45.0,27.5420742034912,1530.0,3120
36.0,25.533109664917,1363.0,NA
40.0,27.4582576751709,1250.0,NA
26.0,22.5497150421143,1227.0,NA
33.0,25.2477855682373,1299.0,2804
33.0,23.4917678833008,1360.0,NA
35.0,22.7036247253418,1450.0,NA
41.0,24.2704830169678,1134.0,2360
31.0,27.5993213653564,1355.0,NA
29.0,23.9701690673828,1740.0,NA
35.0,22.6817073822021,NA,3562
47.0,23.2006683349609,1180.0,NA
35.0,25.2319107055664,1250.0,2862
20.0,23.6496086120605,1875.0,3691
34.0,21.5169448852539,1879.0,4310
53.0,22.8282833099365,1815.0,NA
37.0,23.677225112915,1025.0,NA
38.0,19.2400169372559,NA,2850
49.0,23.3742389678955,NA,3326
31.0,23.0055656433105,1229.0,NA
23.0,21.5169448852539,1171.0,NA
35.0,19.6408538818359,NA,2716
34.0,20.8926372528076,1253.0,NA
32.0,21.8716468811035,NA,3000
46.0,25.2121200561523,NA,2820
27.0,21.0615863800049,1102.0,NA
57.0,35.3649864196777,2700.0,NA
35.0,24.8579540252686,1053.0,2210
24.0,21.745231628418,NA,2417
35.0,24.4897956848145,1440.0,NA
50.0,25.7457370758057,1647.0,3298
43.0,20.6307983398438,1141.0,2340
37.0,25.0438270568848,1303.0,NA
34.0,23.677225112915,NA,3592
30.0,26.7161407470703,1234.0,NA
44.0,22.1496620178223,1350.0,2700
25.0,24.7028350830078,1500.0,NA
51.0,23.849609375,1240.0,NA
37.0,23.0055656433105,1077.0,NA
53.0,22.133243560791,1529.0,NA
46.0,23.7476806640625,1258.0,NA
29.0,29.6846008300781,1414.0,3102
54.0,29.2630443572998,1680.0,NA
42.0,26.7466468811035,1505.0,NA
42.0,26.7466468811035,1505.0,NA
36.0,21.0724010467529,1530.0,3227
20.0,19.6209259033203,1170.0,NA
31.0,23.9701690673828,1740.0,4200
24.0,22.9047832489014,1680.0,NA
45.0,25.2121200561523,NA,3040
29.0,23.4604110717773,1440.0,2967
63.0,21.0368156433105,NA,4140
57.0,24.4410057067871,1200.0,2700
36.0,20.9193706512451,934.0,NA
48.0,25.2477855682373,1220.0,2441
24.0,21.0615863800049,1080.0,NA
45.0,24.5510673522949,NA,2497
28.0,20.8698558807373,NA,2989
28.0,21.3333339691162,NA,2403
49.0,22.3776226043701,NA,2588
16.0,19.1355285644531,1110.0,2365
31.0,19.2980804443359,1135.0,2382
56.0,23.5244693756104,NA,2548
42.0,23.3747253417969,1370.0,3082
35.0,20.6562671661377,NA,2834
39.0,22.3576831817627,1143.0,NA
38.0,23.1481494903564,NA,2474
67.0,23.218957901001,1262.0,NA
43.0,25.9219512939453,1260.0,2610
29.0,20.3423118591309,881.0,1975
33.0,26.2983665466309,1604.0,4200
64.0,24.2214527130127,1300.0,NA
37.0,22.5602970123291,1350.0,NA
44.0,24.2090320587158,NA,2348
33.0,21.5169448852539,1188.0,NA
27.0,21.3068180084229,1721.0,NA
27.0,19.4414653778076,NA,1993
25.0,30.9844017028809,2537.0,NA
35.0,20.7375621795654,NA,2781
45.0,33.3673400878906,2146.0,4646
40.0,17.8465213775635,NA,2620
38.0,25.2475166320801,NA,2430
28.0,22.6817073822021,1176.0,NA
42.0,24.615385055542,1622.0,NA
60.0,28.0583629608154,1930.0,4150
29.0,23.845006942749,1565.0,NA
36.0,26.2345695495605,1264.0,NA
36.0,21.5169448852539,NA,2340
27.0,22.19460105896,NA,3150
35.0,19.279182434082,1183.0,NA
29.0,22.7036247253418,1403.0,NA
40.0,23.6716194152832,1256.0,NA
27.0,20.3689785003662,1380.0,NA
34.0,24.5654125213623,1290.0,NA
35.0,26.5088748931885,1439.0,NA
35.0,23.3742389678955,NA,3660
22.0,21.8716468811035,NA,2628
29.0,21.3858814239502,1660.0,3580
24.0,25.2475166320801,2115.0,NA
53.0,24.8579540252686,NA,2818
38.0,22.7218933105469,1405.0,2752
53.0,23.3717136383057,1240.0,NA
52.0,21.0368156433105,1370.0,NA
36.0,22.1496620178223,1275.0,NA
44.0,23.4917678833008,NA,2410
30.0,21.3792457580566,1267.0,NA
45.0,21.3858814239502,1025.0,NA
34.0,22.5182952880859,988.0,NA
35.0,22.57785987854,1069.0,NA
24.0,24.5700244903564,NA,2795
55.0,23.5244693756104,1332.0,NA
33.0,22.2634506225586,1472.0,NA
29.0,23.4736156463623,987.0,2083
39.0,21.3729114532471,NA,1981
27.0,22.0385684967041,1275.0,NA
46.0,20.4190330505371,1287.0,NA
35.0,19.9677238464355,NA,2744
34.0,21.8716468811035,NA,2640
16.0,18.3307552337646,945.0,2040
24.0,25.2525272369385,1053.0,NA
38.0,24.670431137085,1590.0,NA
38.0,27.4115905761719,1320.0,NA
32.0,24.5955924987793,NA,2530
47.0,25.8981323242188,1248.0,NA
32.0,25.8121376037598,1248.0,NA
43.0,23.7547073364258,1749.0,3334
31.0,25.7593650817871,1198.0,NA
40.0,22.2634506225586,912.0,NA
32.0,23.4917678833008,1205.0,NA
45.0,24.301830291748,1367.0,2815
46.0,21.2330913543701,1860.0,4283
44.0,22.794900894165,1423.0,2959
44.0,23.5923233032227,1196.0,NA
28.0,25.8981323242188,1350.0,NA
58.0,24.1559886932373,1226.0,2524
28.0,24.9748363494873,1144.0,NA
60.0,19.53125,1665.0,3550
33.0,23.0823860168457,1393.0,3173
27.0,23.8157939910889,1387.0,NA
40.0,22.7272720336914,1138.0,NA
38.0,24.0445251464844,NA,2857
50.0,22.9631958007812,1346.0,3009
56.0,25.4797077178955,1230.0,NA
38.0,19.4872760772705,1501.0,3235
30.0,21.745231628418,NA,2207
40.0,19.7955894470215,NA,2805
26.0,23.218957901001,1011.0,NA
29.0,22.0373210906982,989.0,NA
39.0,22.0385684967041,NA,3686
46.0,32.0715103149414,2469.0,NA
36.0,23.0057334899902,1065.0,NA
25.0,21.9138050079346,1020.0,NA
26.0,21.0724010467529,1320.0,NA
37.0,29.4612808227539,NA,2659
35.0,24.0445251464844,NA,2249
27.0,25.7936820983887,1206.0,NA
49.0,20.5226860046387,1285.0,NA
52.0,23.0834426879883,1240.0,NA
49.0,23.2727279663086,NA,3405
29.0,24.2214527130127,NA,2570
38.0,22.2634506225586,NA,2280
43.0,24.5700244903564,NA,2562
26.0,24.5510673522949,1160.0,2468
22.0,21.745231628418,1220.0,NA
37.0,25.820333480835,1370.5,2850
28.0,18.8210220336914,1297.0,NA
28.0,22.2055263519287,1800.0,NA
34.0,26.655445098877,1470.0,3180
25.0,20.4711761474609,852.0,NA
31.0,21.0368156433105,1223.0,NA
32.0,22.9134426116943,NA,2066
35.0,26.6902332305908,1297.0,NA
53.0,29.0972003936768,1547.0,3191
31.0,21.0724010467529,1282.0,NA
34.0,28.3107891082764,2193.0,NA
64.0,23.3742389678955,1790.0,NA
38.0,28.113748550415,NA,2860
46.0,27.03786277771,1426.0,3026
28.0,22.3776226043701,1146.0,NA
35.0,24.9684562683105,NA,2646
19.0,20.7792205810547,1423.0,2930
34.0,22.1088695526123,1133.5,2830
66.0,20.7631893157959,1446.0,NA
34.0,21.7046508789062,1360.0,NA
28.0,21.6407279968262,NA,1860
33.0,23.9368705749512,NA,1920
38.0,23.7046775817871,1439.0,NA
30.0,28.8543033599854,NA,3604
38.0,33.3806800842285,2167.0,4507
38.0,30.70676612854,NA,3370
42.0,25.953987121582,NA,2296
36.0,23.5923233032227,1053.0,NA
34.0,24.9596538543701,NA,2542
35.0,24.6258563995361,1806.0,3450
30.0,19.7011451721191,1278.0,2664
38.0,23.9191932678223,1194.0,NA
38.0,23.905969619751,1287.0,2737
23.0,15.4283857345581,1009.0,NA
49.0,23.849609375,1194.0,NA
34.0,20.3200740814209,969.0,NA
29.0,25.7457370758057,2025.0,NA
29.0,23.2383003234863,1361.0,2836
31.0,25.1631832122803,1943.0,NA
29.0,20.4190330505371,1320.0,NA
30.0,23.4917678833008,NA,3259
16.0,22.2634506225586,NA,2459
48.0,27.4938735961914,1318.0,NA
23.0,17.7299613952637,982.0,NA
43.0,24.3044013977051,1123.0,NA
36.0,32.0593681335449,2010.0,NA
34.0,23.2491683959961,1178.0,NA
30.0,22.57785987854,NA,1992
26.0,23.849609375,1010.0,2150
43.0,24.2882499694824,1097.0,2313
39.0,26.7320137023926,1678.0,NA
31.0,26.5088748931885,NA,2955
28.0,23.0834426879883,1324.0,NA
38.0,28.3107891082764,1620.0,3420
26.0,22.037281036377,NA,2730
31.0,23.4917678833008,NA,3240
26.0,21.3521862030029,1112.0,NA
26.0,22.2414264678955,1100.0,NA
67.0,22.5063571929932,NA,3242
31.0,22.6817073822021,NA,2406
53.0,25.820333480835,NA,3750
46.0,19.6408538818359,1013.0,NA
48.0,20.2020206451416,NA,2078
31.0,25.7457370758057,NA,3030
22.0,24.1874504089355,1478.0,NA
18.0,23.3717136383057,NA,3270
41.0,24.0387802124023,1260.0,2760
32.0,25.8981323242188,1284.0,NA
45.0,26.655445098877,NA,3240
33.0,20.9276447296143,1019.0,2087
34.0,19.4414653778076,1080.0,NA
54.0,22.3340663909912,NA,2895
43.0,23.0834426879883,1229.0,2646
30.0,24.4432487487793,1737.0,NA
42.0,28.2599143981934,1590.0,NA
30.0,21.537691116333,1459.0,NA
52.0,24.7878665924072,1980.0,NA
29.0,31.14186668396,1395.0,NA
37.0,24.2214527130127,1036.0,NA
35.0,23.1481494903564,1261.0,2820
27.0,24.301830291748,1335.0,NA
44.0,18.8735408782959,NA,2261
29.0,22.2634506225586,1057.0,NA
33.0,24.2090320587158,1025.0,NA
41.0,18.9196872711182,1390.0,NA
34.0,23.0403213500977,NA,2494
23.0,24.5700244903564,1070.0,NA
30.0,21.2556381225586,1230.0,NA
58.0,21.0437717437744,1090.0,NA
38.0,27.8660984039307,NA,3320
31.0,23.0057334899902,1207.0,NA
32.0,20.0371055603027,NA,2157
42.0,24.6258563995361,1145.0,NA
50.0,25.9685707092285,1349.0,2888
37.0,20.6220989227295,1121.0,2288
28.0,29.296875,1951.0,NA
50.0,24.9589729309082,NA,2661
43.0,23.677225112915,NA,2820
37.0,22.1496620178223,1027.0,NA
26.0,42.4242401123047,2103.0,NA
45.0,22.2453460693359,1312.0,NA
40.0,31.0183773040771,1677.0,NA
35.0,24.526159286499,1260.0,2460
39.0,23.6150550842285,1535.0,3183
46.0,30.2970199584961,NA,2700
41.0,23.2938823699951,950.0,NA
44.0,23.8751163482666,1454.0,2654
18.0,18.2875862121582,1140.0,3000
21.0,21.2497501373291,1152.0,NA
42.0,18.4020118713379,NA,2005
28.0,23.5690250396729,NA,5640
35.0,25.2477855682373,NA,2835
34.0,24.8484859466553,1892.0,3960
45.0,22.6817073822021,1916.0,NA
23.0,26.8278102874756,1627.0,NA
26.0,24.5510673522949,1313.0,2710
22.0,25.6803302764893,NA,3308
36.0,28.0583629608154,1470.0,NA
47.0,29.8836097717285,1830.0,3630
33.0,23.4917678833008,NA,2290
38.0,28.8543033599854,1494.0,3284
34.0,27.4971961975098,1680.0,NA
40.0,27.4582576751709,1625.0,NA
37.0,28.1903343200684,NA,3760
22.0,24.0989780426025,1073.0,2280
35.0,28.4444446563721,1408.0,NA
30.0,23.9191932678223,1165.0,NA
33.0,20.8995742797852,1246.0,2487
48.0,20.7545127868652,1155.0,NA
19.0,23.1204776763916,1086.0,NA
41.0,28.3403778076172,1860.0,NA
32.0,19.3793811798096,1110.0,NA
35.0,22.9134426116943,1080.0,NA
29.0,22.3122386932373,1429.0,3330
27.0,20.202018737793,NA,3130
40.0,20.0548686981201,NA,2970
60.0,24.175271987915,NA,3550
29.0,27.4961338043213,NA,3540
42.0,21.9885921478271,1535.0,3256
34.0,25.2525272369385,NA,2140
33.0,23.1481494903564,1079.0,NA
31.0,22.3122386932373,1156.0,NA
54.0,26.7379665374756,1323.0,NA
36.0,21.3858814239502,1620.0,NA
35.0,29.2177982330322,NA,3537
26.0,21.4646472930908,NA,2324
35.0,22.9134426116943,1260.0,NA
27.0,25.0438270568848,1648.0,NA
41.0,23.677225112915,NA,2376
22.0,21.9885921478271,1564.0,3154
49.0,23.4508361816406,NA,2555
33.0,25.1651439666748,1557.0,NA
23.0,20.5856952667236,950.0,2167
26.0,25.5979290008545,1510.0,NA
37.0,20.5575752258301,NA,2048
28.0,22.3776226043701,1350.0,NA
23.0,20.8116550445557,1326.0,NA
26.0,24.0989780426025,1622.0,NA
56.0,27.9544010162354,1698.0,NA
31.0,23.7926139831543,2309.0,NA
36.0,27.9035243988037,1397.0,3075
46.0,29.8836097717285,NA,3441
27.0,24.5429515838623,2017.0,NA
23.0,22.3776226043701,1330.0,NA
41.0,25.9688739776611,1523.0,NA
43.0,23.1539878845215,1265.0,NA
34.0,29.2630443572998,NA,4562
26.0,29.6846008300781,1530.0,NA
28.0,20.4466800689697,NA,1935
37.0,20.1980133056641,997.0,NA
23.0,24.3787326812744,1380.0,3120
36.0,22.1661071777344,1071.0,NA
39.0,21.9138050079346,NA,2630
55.0,22.5182952880859,NA,2585
31.0,25.7116622924805,1675.0,3455
27.0,23.9234466552734,NA,2765
32.0,18.3995456695557,1003.0,2160
47.0,25.6630573272705,1888.0,NA
61.0,25.2047882080078,NA,3066
27.0,20.0617294311523,NA,2578
36.0,26.4192943572998,NA,3045
37.0,22.9047832489014,1172.0,NA
47.0,28.1329460144043,NA,2970
46.0,22.0170440673828,1560.0,NA
36.0,22.0195026397705,1429.0,NA
33.0,18.0339393615723,1120.0,NA
34.0,22.3776226043701,NA,3240
38.0,33.7357940673828,1554.0,NA
28.0,23.2938823699951,930.0,2070
24.0,22.3776226043701,NA,3017
56.0,23.0141410827637,1155.0,NA
25.0,23.0834426879883,NA,2515
28.0,24.6258563995361,1291.0,NA
50.0,24.4410057067871,1189.0,NA
55.0,20.2515239715576,1054.0,NA
33.0,25.9688739776611,1411.0,NA
27.0,27.5420742034912,NA,3691
30.0,23.7476806640625,1320.0,2880
50.0,24.526159286499,1190.0,2610
34.0,31.2721424102783,2520.0,NA
37.0,28.0583629608154,1621.0,NA
33.0,23.3717136383057,1500.0,NA
36.0,24.5654125213623,1068.0,2247
47.0,24.5700244903564,1139.0,NA
32.0,24.7028350830078,1102.0,2226
32.0,21.3707332611084,1286.0,NA
23.0,23.1204776763916,1201.0,NA
44.0,37.0648651123047,2014.0,NA
39.0,21.8612155914307,1347.0,NA
50.0,25.0885982513428,1638.0,NA
24.0,21.3068180084229,1268.0,NA
32.0,22.3776226043701,NA,2634
29.0,20.0371055603027,993.0,2150
38.0,29.2184066772461,NA,2646
39.0,24.3787326812744,1184.0,2533
30.0,18.9196872711182,1565.0,3420
41.0,22.1496620178223,1030.0,NA
17.0,19.200267791748,1275.0,NA
36.0,23.804801940918,1313.0,NA
22.0,21.3333339691162,863.0,NA
35.0,23.2323226928711,1800.0,NA
47.0,35.460521697998,NA,3241
32.0,35.0729522705078,1684.0,3720
32.0,19.1554832458496,1542.0,2820
40.0,23.8830413818359,1215.0,NA
50.0,23.0057334899902,NA,2358
36.0,19.5918369293213,NA,2400
64.0,24.3787326812744,NA,2728
62.0,23.5825710296631,1500.0,NA
41.0,26.7490062713623,1285.0,NA
31.0,18.6993923187256,1386.0,2881
28.0,22.2634506225586,1058.0,2301
27.0,21.5213356018066,970.0,NA
29.0,23.8209743499756,1130.0,NA
33.0,21.0724010467529,1078.0,NA
51.0,31.8450794219971,1489.0,NA
25.0,22.6262626647949,NA,2641
40.0,21.0724010467529,1400.0,NA
30.0,20.4190330505371,NA,2500
39.0,22.7087211608887,NA,2627
44.0,26.0942783355713,1364.5,NA
33.0,26.7379665374756,1338.0,2913
33.0,21.5213356018066,1680.0,3420
29.0,24.2090320587158,NA,2896
18.0,21.0747489929199,1110.0,2580
58.0,25.1651439666748,1207.0,NA
40.0,23.0055656433105,1059.0,NA
37.0,19.552806854248,NA,2408
48.0,19.1761360168457,1240.0,2635
34.0,22.9134426116943,NA,4044
52.0,18.9554271697998,1741.0,NA
30.0,25.1118907928467,1107.0,NA
25.0,23.1539878845215,1120.0,2290
62.0,24.431360244751,2280.0,NA
18.0,20.8161602020264,1141.0,NA
33.0,20.484130859375,NA,2720
44.0,26.7379665374756,NA,3720
38.0,28.3107891082764,1402.0,2790
32.0,23.2383003234863,1630.0,NA
33.0,23.2006683349609,NA,2157
53.0,25.6771793365479,1307.0,NA
48.0,24.5028400421143,1380.0,NA
45.0,21.5213356018066,NA,2301
38.0,22.1496620178223,1124.0,NA
41.0,25.3777465820312,2172.0,3336
24.0,25.2477855682373,1223.0,NA
29.0,21.6221160888672,1684.0,NA
31.0,22.7912425994873,1035.0,NA
42.0,31.7221832275391,1990.0,NA
47.0,23.7093181610107,1318.0,NA
40.0,25.5102996826172,NA,3300
34.0,19.8583183288574,1402.0,NA
30.0,25.3803329467773,1396.0,3150
34.0,22.4551753997803,NA,2101
35.0,18.9349117279053,1350.0,2845
36.0,23.8157939910889,1667.0,3915
42.0,19.476655960083,NA,3240
42.0,27.4961338043213,1546.0,NA
37.0,22.9047832489014,1400.0,3010
31.0,22.4768524169922,NA,2872
25.0,23.3742389678955,1100.0,NA
30.0,23.8830413818359,1180.0,NA
32.0,17.7556800842285,1154.0,NA
28.0,22.0347537994385,NA,3210
45.0,22.1496620178223,1120.0,NA
43.0,29.1764526367188,NA,3325
35.0,25.5979290008545,1518.0,3565
43.0,21.0724010467529,1658.0,3482
27.0,21.207914352417,1110.0,NA
35.0,25.6533584594727,1477.0,3260
48.0,26.7320137023926,1390.0,3107
46.0,24.9684562683105,1320.0,NA
67.0,21.5476226806641,1690.0,3492
27.0,24.6258563995361,NA,4080
43.0,19.6209259033203,1163.0,NA
51.0,21.745231628418,1113.0,NA
45.0,23.804801940918,NA,2582
51.0,18.9554271697998,1500.0,3085
38.0,21.8359222412109,1014.0,NA
51.0,23.4508361816406,NA,2490
34.0,23.0055656433105,1048.0,NA
29.0,27.548210144043,1935.0,NA
31.0,22.5182952880859,1087.0,2422
43.0,26.7379665374756,1086.0,NA
28.0,23.9899005889893,NA,2400
50.0,23.849609375,1440.0,3480
51.0,26.7320137023926,1620.0,3285
38.0,17.1326122283936,1421.0,NA
29.0,21.4388771057129,1423.0,2949
34.0,28.4444446563721,1500.0,3000
62.0,23.7046775817871,1210.0,2515
34.0,24.4410057067871,1020.0,NA
30.0,21.5213356018066,1808.0,NA
53.0,22.3063983917236,1143.0,2496
36.0,21.8716468811035,1800.0,NA
61.0,30.1627407073975,NA,4020
33.0,22.0859508514404,1338.0,2960
40.0,26.5088748931885,1195.0,2660
20.0,20.035062789917,1201.0,2640
49.0,24.0445251464844,1290.0,2907
47.0,21.8359222412109,NA,2450
24.0,19.502986907959,1626.0,3972
43.0,23.1481494903564,1050.0,NA
38.0,19.0438404083252,NA,2590
29.0,21.7049369812012,NA,3305
27.0,22.8059120178223,1980.0,NA
16.0,18.3307552337646,1146.0,NA
42.0,25.8981323242188,1470.0,NA
37.0,24.9719429016113,1218.0,NA
41.0,31.4564304351807,1500.0,NA
37.0,22.19460105896,1467.0,NA
33.0,25.9685707092285,1230.0,NA
19.0,19.6408538818359,969.0,NA
26.0,25.0438270568848,1100.0,NA
38.0,24.4410057067871,2180.0,NA
36.0,21.0615863800049,NA,2315
70.0,26.4234027862549,NA,3480
47.0,22.1661071777344,1221.0,NA
33.0,24.526159286499,1092.0,2653
50.0,25.9740257263184,1260.0,2580
51.0,22.5394439697266,1732.0,NA
45.0,22.7606868743896,1042.0,2177
41.0,25.1651439666748,1673.0,3198
47.0,18.3238258361816,1427.0,NA
28.0,18.7552967071533,1005.0,NA
35.0,23.6496086120605,1342.0,2815
33.0,26.5695476531982,NA,3636
19.0,21.2497501373291,1074.0,NA
33.0,22.0466156005859,1122.0,NA
41.0,23.16774559021,1596.0,3447
34.0,22.19460105896,1653.0,3439
46.0,23.1204776763916,1556.0,NA
42.0,20.4190330505371,1520.0,NA
31.0,19.9729709625244,1451.0,NA
35.0,22.6506309509277,1217.0,NA
48.0,20.4190330505371,1237.0,NA
42.0,22.0336589813232,1251.0,NA
28.0,22.57785987854,1730.0,3240
37.0,22.5497589111328,1879.0,4050
36.0,24.7371654510498,1716.0,NA
43.0,24.5510673522949,1110.0,2350
56.0,24.4897956848145,NA,3330
31.0,21.3068180084229,1234.0,NA
60.0,27.5558624267578,NA,3600
35.0,22.19460105896,1336.0,NA
37.0,23.9191932678223,NA,3128
40.0,23.849609375,NA,2355
43.0,20.2938194274902,1514.0,2878
25.0,24.0445251464844,935.0,NA
35.0,23.6496086120605,1483.0,NA
45.0,21.3243560791016,1187.0,2520
36.0,23.4508361816406,1082.0,NA
52.0,26.4234027862549,1547.0,NA
30.0,21.3068180084229,NA,2972
20.0,20.7792205810547,936.0,1947
46.0,26.7323513031006,1180.0,NA
27.0,21.0437717437744,1025.0,2118
27.0,20.9193706512451,1010.0,NA
59.0,24.1929512023926,1410.0,NA
30.0,32.0560989379883,2230.0,4561
46.0,20.3119964599609,1415.0,NA
30.0,21.3068180084229,1364.0,2935
43.0,22.5063571929932,1208.0,NA
47.0,25.0438270568848,1454.0,4080
28.0,24.0445251464844,1271.0,NA
48.0,26.6335220336914,NA,3404
43.0,23.3060932159424,1307.0,2920
44.0,25.2047882080078,1364.0,2874
40.0,21.3858814239502,1630.0,NA
27.0,22.607931137085,1170.0,NA
26.0,24.6933002471924,1785.0,3900
30.0,22.4466896057129,NA,2560
36.0,25.8981323242188,NA,2674
43.0,25.9740257263184,1440.0,NA
34.0,23.3742389678955,NA,2570
41.0,22.5825634002686,NA,2730
29.0,20.5226860046387,1220.0,NA
29.0,25.0438270568848,1684.0,NA
32.0,21.3858814239502,1697.0,NA
28.0,24.8316497802734,1064.0,2273
43.0,23.4350414276123,NA,2863
27.0,20.1562099456787,1335.0,NA
26.0,25.9219512939453,2130.0,NA
45.0,24.2720165252686,NA,2690
29.0,21.6619300842285,1044.0,2165
31.0,22.7606868743896,1200.0,2250
29.0,20.2515239715576,1175.0,NA
35.0,22.873363494873,1416.0,2990
47.0,23.749605178833,1644.0,3585
26.0,22.8940277099609,1532.0,NA
53.0,23.3742389678955,1318.0,NA
23.0,22.9134426116943,1228.0,NA
33.0,22.3576831817627,1122.0,2388
61.0,22.9134426116943,1375.0,2880
44.0,20.8698558807373,1462.0,NA
34.0,22.9277191162109,NA,3750
32.0,24.4897956848145,985.0,NA
37.0,24.3787326812744,1616.0,NA
42.0,24.1874504089355,1630.0,3442
38.0,20.8698558807373,1295.0,2698
31.0,28.2003726959229,1350.0,2770
25.0,26.7320137023926,1621.0,NA
24.0,22.1718311309814,2297.0,4926
31.0,21.8181819915771,1447.0,NA
34.0,21.745231628418,NA,2693
39.0,20.9034805297852,985.0,NA
44.0,25.1651439666748,1541.0,NA
26.0,23.1872062683105,1453.0,2776
16.0,20.8116550445557,1086.0,NA
34.0,23.0834426879883,1247.0,NA
39.0,35.7449722290039,1578.0,3578
65.0,22.3024196624756,1223.0,NA
30.0,21.757640838623,NA,3581
28.0,25.1825733184814,1144.0,2321
46.0,20.8698558807373,1440.0,NA
35.0,22.0195026397705,1590.0,NA
36.0,19.2949905395508,1352.0,NA
47.0,22.8434810638428,1200.0,NA
36.0,23.5923233032227,1440.0,3014
27.0,24.5423049926758,1420.0,2860
38.0,21.8716468811035,1753.0,NA
37.0,23.2712593078613,1267.0,NA
35.0,21.7046508789062,NA,2690
48.0,27.4961338043213,NA,2646
28.0,20.7748546600342,1295.0,NA
60.0,24.5510673522949,1698.0,3419
37.0,24.8505821228027,1270.0,NA
27.0,28.7684097290039,1990.0,3930
40.0,22.9077644348145,1154.0,2476
34.0,20.7631893157959,1110.0,NA
33.0,20.3215579986572,NA,2650
35.0,22.607931137085,998.0,2065
23.0,22.19460105896,1285.0,NA
56.0,25.953987121582,NA,3100
28.0,34.2265625,3679.0,7085
30.0,27.2180500030518,1246.0,2761
25.0,21.7046508789062,NA,3665
41.0,22.9047832489014,1382.0,NA
35.0,22.9631958007812,NA,2418
37.0,26.5459594726562,1218.0,NA
30.0,21.3858814239502,2100.0,3720
41.0,29.296875,2220.0,4128
29.0,24.526159286499,1300.0,NA
47.0,29.5690441131592,1540.0,3350
38.0,23.2006683349609,1127.0,NA
25.0,24.8356456756592,1026.0,2198
34.0,20.5856952667236,NA,2520
35.0,22.3340663909912,1045.0,2196
46.0,22.1767845153809,NA,2497
33.0,21.4964561462402,1065.0,NA
25.0,22.19460105896,1236.0,NA
34.0,22.5394439697266,1138.0,NA
34.0,21.745231628418,1360.0,NA
35.0,30.5534687042236,1408.0,NA
45.0,25.2475166320801,1226.0,NA
32.0,22.195671081543,1073.0,NA
67.0,26.7161407470703,1923.0,3639
36.0,25.6369915008545,NA,2509
32.0,23.3060932159424,1225.0,NA
35.0,24.3787326812744,NA,3699
24.0,21.8181819915771,NA,2910
25.0,25.9515552520752,1320.0,NA
35.0,24.4897956848145,1185.0,NA
29.0,24.0420742034912,1749.0,3246
39.0,22.4466896057129,1324.0,NA
32.0,23.7898979187012,1116.0,NA
26.0,23.9701690673828,1644.0,3349
35.0,24.0445251464844,NA,3282
43.0,21.5169448852539,NA,4080
41.0,22.9631958007812,1178.0,NA
30.0,20.132116317749,NA,2922
32.0,21.2121200561523,1365.0,NA
35.0,22.8571434020996,NA,2418
18.0,20.202018737793,1169.0,2778
28.0,20.9185256958008,1089.0,NA
30.0,21.537691116333,NA,2595
28.0,27.4971961975098,1180.0,2622
40.0,24.4897956848145,1338.0,NA
30.0,25.9515552520752,1875.0,NA
46.0,19.476655960083,1042.0,2214
30.0,29.0909099578857,1490.0,3397
61.0,23.9400386810303,1470.0,NA
38.0,25.2319107055664,NA,2340
39.0,20.7792205810547,1020.0,2100
49.0,24.1354942321777,NA,2363
60.0,22.6643180847168,2140.0,3551
29.0,17.8645973205566,1247.0,NA
44.0,25.6369915008545,1218.0,2470
40.0,25.5207347869873,NA,2760
32.0,23.7081565856934,1089.0,NA
34.0,18.3654727935791,1096.0,NA
21.0,21.8359222412109,1192.0,NA
33.0,25.820333480835,1253.0,NA
43.0,25.953987121582,1210.0,NA
35.0,19.0770835876465,1333.0,NA
26.0,25.1631832122803,NA,2698
35.0,24.3787326812744,890.0,1879
45.0,25.6803302764893,1430.0,NA
36.0,26.6125297546387,1188.0,NA
42.0,25.9219512939453,1314.0,NA
27.0,22.0195026397705,1159.0,2504
64.0,27.03786277771,NA,2898
53.0,22.4124908447266,1289.0,2694
33.0,22.4466896057129,1125.0,NA
47.0,22.5394439697266,1525.0,NA
28.0,18.8799858093262,NA,3496
40.0,25.4797077178955,1386.0,2940
42.0,30.546516418457,1680.0,3300
29.0,23.5992584228516,1072.0,NA
32.0,31.389139175415,NA,2681
42.0,23.277759552002,1200.0,3000
46.0,25.9685707092285,NA,2385
30.0,34.2265625,2109.0,NA
32.0,22.0347537994385,1380.0,2580
43.0,22.7272720336914,NA,3109
46.0,18.636266708374,1248.0,2620
32.0,23.0823860168457,1839.0,NA
41.0,23.677225112915,1192.0,NA
33.0,24.5028400421143,1470.0,NA
37.0,26.2784080505371,1563.0,NA
45.0,21.9468364715576,1392.0,NA
35.0,21.8855228424072,1134.0,2445
62.0,23.2419147491455,NA,3972
27.0,22.5394439697266,1395.0,NA
35.0,20.2440662384033,1580.0,NA
24.0,20.3119964599609,1424.0,3268
29.0,26.9860019683838,1425.0,3330
31.0,23.8751163482666,2122.0,4942
34.0,25.5360584259033,1190.0,NA
23.0,22.1360340118408,1600.0,3594
31.0,28.2599143981934,NA,2898
52.0,22.2865772247314,NA,3489
35.0,23.0055656433105,NA,3997
31.0,23.804801940918,1418.0,2954
29.0,21.8716468811035,1860.0,NA
45.0,23.8751163482666,NA,2565
30.0,26.7161407470703,NA,2910
28.0,22.939172744751,1236.0,NA
36.0,23.2323226928711,1468.0,NA
25.0,23.6496086120605,1240.0,NA
25.0,23.8830413818359,1530.0,NA
35.0,23.2419147491455,1230.0,3540
30.0,22.9134426116943,NA,2802
47.0,18.9393939971924,1740.0,3360
53.0,26.4016876220703,2160.0,4320
29.0,24.1929512023926,1185.0,NA
62.0,24.2376174926758,1308.0,2733
34.0,28.9424858093262,1356.0,NA
51.0,21.8855228424072,1195.0,2490
33.0,25.2477855682373,1330.0,NA
45.0,28.5502033233643,1609.0,NA
34.0,25.0438270568848,1081.0,NA
44.0,23.2383003234863,1628.0,3366
30.0,25.7457370758057,1896.0,NA
43.0,23.905969619751,1295.0,NA
59.0,21.3792457580566,NA,3540
43.0,26.06396484375,1635.0,3370
35.0,30.575138092041,2343.0,NA
54.0,28.2003726959229,1560.0,NA
28.0,22.4466896057129,1510.0,3013
30.0,46.9082145690918,1701.0,NA
35.0,35.9474067687988,1389.0,NA
44.0,21.5213356018066,1484.0,NA
48.0,24.9596538543701,1073.0,NA
37.0,22.57785987854,964.0,2010
29.0,24.3787326812744,1650.0,NA
45.0,25.936185836792,1260.0,2580
39.0,24.8579540252686,NA,2657
61.0,23.4375,1395.0,2992
33.0,22.2178153991699,1557.0,2394
39.0,23.0055656433105,1230.0,NA
33.0,25.9515552520752,1065.0,2250
39.0,23.7476806640625,NA,2700
26.0,29.0001850128174,1490.0,NA
30.0,21.8612155914307,NA,3472
41.0,26.2031078338623,1585.0,NA
32.0,21.0760669708252,1250.0,NA
27.0,20.0110740661621,1322.0,NA
30.0,21.8716468811035,1380.0,NA
56.0,22.5182952880859,1920.0,NA
29.0,25.9688739776611,NA,3196
48.0,23.0823860168457,1803.0,NA
31.0,25.2525253295898,NA,2955
51.0,22.2055263519287,NA,3290
34.0,25.8121376037598,1623.0,3600
39.0,22.3776226043701,1741.0,4260
33.0,21.3068180084229,1110.0,2240
25.0,26.7379665374756,NA,2776
29.0,26.2740821838379,1176.0,NA
32.0,24.2882499694824,1187.0,NA
29.0,20.8116550445557,NA,3090
45.0,25.5102996826172,1815.0,3612
27.0,25.8981323242188,1238.0,NA
30.0,22.0195026397705,1161.0,NA
31.0,22.3576831817627,1162.0,2386
46.0,22.0195026397705,898.0,NA
42.0,24.7099094390869,1708.0,NA
37.0,24.0195140838623,NA,2428
26.0,23.8299808502197,1200.0,NA
63.0,21.745231628418,1714.0,NA
36.0,23.8209743499756,1665.0,NA
24.0,21.8612155914307,NA,2620
51.0,23.0366401672363,1280.0,2510
51.0,17.5669746398926,1282.0,NA
38.0,25.8121376037598,1361.0,NA
56.0,25.2525272369385,1380.0,2160
32.0,22.3620853424072,1072.0,NA
37.0,22.3620853424072,1015.0,NA
65.0,23.906888961792,2220.0,3286
35.0,22.3776226043701,1422.0,3136
35.0,20.8698558807373,1499.0,NA
42.0,26.4016876220703,NA,2467
42.0,19.9094696044922,NA,2898
47.0,28.0490875244141,1712.0,3565
24.0,24.6913585662842,1500.0,3000
17.0,20.1696968078613,1052.0,2314
28.0,20.4190330505371,1530.0,NA
51.0,22.3721580505371,1544.0,3115
38.0,28.3107891082764,NA,6300
51.0,27.3569030761719,1340.0,2815
54.0,25.9688739776611,NA,2857
30.0,23.6496086120605,NA,3368
33.0,26.4417018890381,NA,2610
41.0,30.1342697143555,1424.0,3166
33.0,31.0543460845947,2115.0,NA
36.0,27.0219535827637,1575.0,NA
41.0,22.19460105896,NA,3386
33.0,19.7055625915527,1078.0,NA
44.0,23.849609375,NA,2480
43.0,20.7375621795654,1303.0,2752
30.0,24.8316497802734,1144.0,NA
51.0,23.4917678833008,NA,2841
26.0,23.7476806640625,950.0,1876
48.0,27.4961338043213,NA,3600
66.0,21.5213356018066,1235.0,2526
29.0,24.7371654510498,1601.0,NA
29.0,26.109167098999,1696.0,3859
29.0,32.4448471069336,2460.0,5400
29.0,19.4434146881104,1470.0,3300
38.0,25.4997005462646,1368.0,2930
38.0,24.0989780426025,1729.0,NA
61.0,24.526159286499,1643.0,3573
35.0,24.4897956848145,NA,2269
27.0,18.0742340087891,1490.0,NA
45.0,25.5415782928467,NA,3490
49.0,23.4736156463623,1430.0,3520
33.0,25.1036434173584,1667.0,NA
65.0,33.1824493408203,1751.0,3570
45.0,20.9193706512451,1027.0,NA
52.0,24.8579540252686,NA,3480
59.0,22.1496620178223,1389.0,2948
37.0,22.4913482666016,1625.0,NA
33.0,22.9134426116943,NA,2377
37.0,26.0198345184326,1617.0,NA
33.0,25.1651439666748,NA,2998
33.0,20.5856952667236,NA,2210
24.0,20.1980133056641,1635.0,3562
52.0,26.1646060943604,1435.0,2960
40.0,26.6902332305908,NA,2490
44.0,31.935037612915,1644.0,3499
47.0,32.3835868835449,NA,4200
41.0,22.0258159637451,1122.0,2331
29.0,21.1726741790771,1460.0,3011
34.0,23.8830413818359,NA,2640
47.0,21.0615863800049,1678.0,3814
33.0,25.2475166320801,1230.0,NA
42.0,23.5411987304688,NA,3280
32.0,25.7457370758057,1605.0,NA
49.0,23.905969619751,1050.0,2130
40.0,22.0195026397705,1339.0,NA
54.0,20.4466800689697,NA,3074
31.0,24.5654125213623,NA,3070
58.0,23.8299808502197,1172.0,2387
65.0,24.5654125213623,1772.0,3787
37.0,27.071268081665,1286.0,NA
25.0,21.0699596405029,1003.0,NA
36.0,28.2003726959229,NA,2910
31.0,25.8786220550537,NA,3100
42.0,28.0519466400146,1274.0,NA
54.0,19.279182434082,NA,3275
63.0,27.4115905761719,1620.0,3240
54.0,24.301830291748,1442.0,3001
44.0,21.929271697998,NA,2166
34.0,20.0639190673828,NA,3420
32.0,22.2054862976074,1245.0,NA
34.0,19.0438404083252,NA,2090
32.0,24.4897956848145,1310.0,NA
40.0,23.5923233032227,1098.0,NA
45.0,33.8156623840332,1707.0,NA
25.0,21.0437717437744,1490.0,NA
31.0,22.5869808197021,NA,3239
31.0,22.2634506225586,1202.0,2506
26.0,21.1726741790771,1524.0,NA
32.0,23.8830413818359,NA,2766
23.0,20.7028980255127,1072.0,NA
33.0,23.7093181610107,NA,2725
55.0,20.4282836914062,1357.0,NA
55.0,22.7272720336914,NA,2820
49.0,27.4582576751709,1385.0,2954
26.0,20.9517040252686,1340.0,NA
51.0,19.53125,NA,3067
29.0,24.2090320587158,1661.0,NA
38.0,25.820333480835,1760.0,3868
30.0,25.9740257263184,1250.0,NA
54.0,25.5287570953369,1609.0,NA
29.0,22.2222213745117,NA,3530
32.0,24.2090320587158,2122.0,4622
32.0,22.7272720336914,NA,2675
26.0,24.5656566619873,1290.0,2910
46.0,30.4267158508301,2344.0,5486
45.0,22.3620853424072,NA,2520
39.0,24.0933437347412,1500.0,3090
33.0,23.677225112915,NA,2642
42.0,23.5923233032227,1345.0,NA
28.0,20.0371055603027,1630.0,NA
25.0,19.7011451721191,1609.0,NA
30.0,21.5213356018066,NA,2157
44.0,20.8698558807373,NA,3060
58.0,28.8543033599854,2340.0,NA
29.0,26.257417678833,1440.0,NA
30.0,20.7792205810547,1116.0,NA
25.0,23.8209743499756,NA,3192
41.0,25.2047882080078,NA,4122
33.0,26.6335220336914,2185.0,NA
29.0,24.4897956848145,1421.0,NA
39.0,26.7379665374756,990.0,NA
26.0,23.0941734313965,1162.0,NA
36.0,25.2868804931641,1980.0,NA
19.0,21.3858814239502,1032.0,2081
28.0,23.1481494903564,1048.0,NA
26.0,22.5394439697266,1690.0,NA
33.0,27.5993213653564,1860.0,4260
26.0,22.073543548584,957.0,2525
49.0,20.6220989227295,1381.0,NA
43.0,24.949878692627,1560.0,NA
36.0,26.5050506591797,NA,2682
28.0,23.5923233032227,1245.0,NA
34.0,23.906888961792,NA,3240
23.0,21.1535491943359,881.0,1910
30.0,23.4541072845459,1562.0,NA
29.0,22.2055263519287,NA,3230
35.0,24.1874504089355,NA,3401
25.0,25.2340793609619,NA,3400
32.0,23.849609375,962.0,NA
24.0,23.0055656433105,NA,2760
38.0,20.3423118591309,1145.0,NA
30.0,18.9393939971924,1365.0,3317
57.0,24.3818874359131,NA,4800
33.0,23.0403213500977,1516.0,NA
16.0,21.3856105804443,1024.0,1602
43.0,29.0972003936768,1290.0,NA
17.0,24.301830291748,934.0,NA
30.0,24.3787326812744,1487.0,NA
26.0,21.5153713226318,1363.0,NA
63.0,27.6816596984863,NA,3600
27.0,20.6220989227295,1260.0,NA
32.0,21.484375,1927.0,6362
32.0,20.8698558807373,1151.0,NA
23.0,22.1496620178223,1072.0,NA
38.0,28.3795299530029,1760.0,NA
28.0,29.8295459747314,2527.0,5498
42.0,25.8786220550537,1318.0,NA
41.0,22.5182952880859,1256.0,NA
40.0,23.905969619751,NA,3900
65.0,24.615385055542,1612.0,NA
31.0,21.0615863800049,1035.0,NA
32.0,24.7099094390869,NA,2830
59.0,20.1562099456787,1274.0,NA
54.0,20.9193706512451,NA,2880
51.0,27.2949028015137,1680.0,NA
40.0,25.0520324707031,NA,2484
33.0,26.2125415802002,NA,4018
38.0,23.5923233032227,NA,3339
55.0,22.7087211608887,1110.0,NA
27.0,24.2090320587158,1660.0,NA
42.0,21.8612155914307,1332.0,2745
45.0,28.2003726959229,1320.0,NA
34.0,25.9740257263184,NA,3258
29.0,25.5415782928467,1485.0,3120
32.0,21.7049369812012,NA,3300
37.0,23.1481494903564,1146.0,NA
51.0,19.3903980255127,1206.0,NA
64.0,23.849609375,1465.0,NA
33.0,26.4875621795654,NA,4030
40.0,22.9134426116943,NA,2710
38.0,21.0615863800049,1100.0,NA
26.0,22.1360340118408,NA,2772
45.0,23.0823860168457,1535.0,3259
52.0,20.5226860046387,1419.0,NA
40.0,21.3333339691162,1100.0,2493
29.0,28.0583629608154,1670.0,3165
55.0,22.5182952880859,1230.0,NA
38.0,24.6125736236572,1530.0,NA
28.0,32.0788192749023,1512.0,NA
23.0,20.6562671661377,1608.0,3171
35.0,25.2475166320801,NA,2721
45.0,29.1806983947754,1413.0,NA
16.0,18.9349117279053,1164.0,NA
35.0,25.6000003814697,1180.0,NA
37.0,25.9688739776611,NA,2595
24.0,25.2567234039307,NA,2296
25.0,20.2989902496338,969.0,2008
38.0,19.7055625915527,1427.0,NA
27.0,23.7476806640625,NA,2659
25.0,23.8312740325928,1648.0,3277
55.0,22.2634506225586,NA,2890
28.0,18.9985790252686,1486.0,NA
36.0,25.9688739776611,1380.0,2940
58.0,29.7496509552002,NA,4260
31.0,22.6262626647949,1414.0,NA
32.0,22.7272720336914,NA,2591
55.0,20.5856952667236,1157.0,2771
42.0,23.7476806640625,1203.0,NA
23.0,24.2090320587158,2040.0,NA
58.0,23.4917678833008,1304.0,2819
